from,to
2601873737,4035197946
2601873737,2680701689
2601873737,2181383038
2601873737,1377575124
2601873737,3853285079
2601873737,1782971790
2601873737,3001012313
2601873737,1812035078
2601873737,2975595221
2601873737,2401909069
2601873737,4071766596
2601873737,3513077295
2601873737,1665642182
2601873737,1667621270
2601873737,274762650
2601873737,319797682
4035197946,2680701689
4035197946,2181383038
4035197946,1377575124
4035197946,3853285079
4035197946,1782971790
4035197946,3001012313
4035197946,2601873737
4035197946,1812035078
4035197946,2975595221
4035197946,2401909069
4035197946,4071766596
4035197946,1667621270
4035197946,274762650
4035197946,319797682
2680701689,4035197946
2680701689,2181383038
2680701689,1377575124
2680701689,3853285079
2680701689,1782971790
2680701689,3001012313
2680701689,2601873737
2680701689,1812035078
2680701689,2975595221
2680701689,2401909069
2680701689,4071766596
2680701689,1667621270
2680701689,274762650
2680701689,319797682
2181383038,4035197946
2181383038,2680701689
2181383038,1377575124
2181383038,3853285079
2181383038,1782971790
2181383038,3001012313
2181383038,2601873737
2181383038,1812035078
2181383038,2975595221
2181383038,2401909069
2181383038,4071766596
2181383038,1667621270
2181383038,274762650
2181383038,319797682
1377575124,4035197946
1377575124,2680701689
1377575124,2181383038
1377575124,3853285079
1377575124,1782971790
1377575124,3001012313
1377575124,2601873737
1377575124,1812035078
1377575124,2975595221
1377575124,2401909069
1377575124,4071766596
1377575124,3292058527
1377575124,1667621270
1377575124,274762650
1377575124,319797682
3853285079,4035197946
3853285079,2680701689
3853285079,2181383038
3853285079,1377575124
3853285079,1782971790
3853285079,3001012313
3853285079,2601873737
3853285079,1812035078
3853285079,2975595221
3853285079,2401909069
3853285079,4071766596
3853285079,1667621270
3853285079,274762650
3853285079,319797682
1782971790,4035197946
1782971790,2680701689
1782971790,2181383038
1782971790,1377575124
1782971790,3853285079
1782971790,3001012313
1782971790,2601873737
1782971790,1812035078
1782971790,2975595221
1782971790,2401909069
1782971790,4071766596
1782971790,3993174518
1782971790,1619488033
1782971790,3839205761
1782971790,1667621270
1782971790,274762650
1782971790,319797682
3001012313,4035197946
3001012313,2680701689
3001012313,2181383038
3001012313,1377575124
3001012313,3853285079
3001012313,1782971790
3001012313,2601873737
3001012313,1812035078
3001012313,2975595221
3001012313,2401909069
3001012313,4071766596
3001012313,1619488033
3001012313,1667621270
3001012313,274762650
3001012313,319797682
1812035078,4035197946
1812035078,2680701689
1812035078,2181383038
1812035078,1377575124
1812035078,3853285079
1812035078,1782971790
1812035078,3001012313
1812035078,2601873737
1812035078,2975595221
1812035078,2401909069
1812035078,4071766596
1812035078,3688830589
1812035078,1667621270
1812035078,274762650
1812035078,319797682
2975595221,4035197946
2975595221,2680701689
2975595221,2181383038
2975595221,1377575124
2975595221,3853285079
2975595221,1782971790
2975595221,3001012313
2975595221,2601873737
2975595221,1812035078
2975595221,2401909069
2975595221,4071766596
2975595221,765179392
2975595221,1719146408
2975595221,3614548793
2975595221,1667621270
2975595221,274762650
2975595221,319797682
2401909069,4035197946
2401909069,2680701689
2401909069,2181383038
2401909069,1377575124
2401909069,3853285079
2401909069,1782971790
2401909069,3001012313
2401909069,2601873737
2401909069,1812035078
2401909069,2975595221
2401909069,4071766596
2401909069,1667621270
2401909069,274762650
2401909069,319797682
4071766596,4035197946
4071766596,2680701689
4071766596,2181383038
4071766596,1377575124
4071766596,3853285079
4071766596,1782971790
4071766596,3001012313
4071766596,2601873737
4071766596,1812035078
4071766596,2975595221
4071766596,2401909069
4071766596,2166690166
4071766596,1937972607
4071766596,822509512
4071766596,3926545967
4071766596,1554419222
4071766596,131671370
4071766596,1135828568
4071766596,3688830589
4071766596,3513077295
4071766596,3821811105
4071766596,1719146408
4071766596,2253665842
4071766596,1667621270
4071766596,274762650
4071766596,319797682
3513077295,4035197946
3513077295,2680701689
3513077295,2181383038
3513077295,1377575124
3513077295,3853285079
3513077295,1782971790
3513077295,3001012313
3513077295,2601873737
3513077295,1812035078
3513077295,2975595221
3513077295,2401909069
3513077295,4071766596
3513077295,1619488033
3513077295,822509512
3513077295,1667621270
3513077295,274762650
3513077295,319797682
1665642182,4035197946
1665642182,2680701689
1665642182,2181383038
1665642182,1377575124
1665642182,3853285079
1665642182,1782971790
1665642182,3001012313
1665642182,2601873737
1665642182,1812035078
1665642182,2975595221
1665642182,2401909069
1665642182,4071766596
1665642182,3839205761
1665642182,1667621270
1665642182,274762650
1665642182,319797682
1667621270,4035197946
1667621270,2680701689
1667621270,2181383038
1667621270,1377575124
1667621270,3853285079
1667621270,1782971790
1667621270,3001012313
1667621270,2601873737
1667621270,1812035078
1667621270,2975595221
1667621270,2401909069
1667621270,4071766596
1667621270,274762650
1667621270,319797682
274762650,4035197946
274762650,2680701689
274762650,2181383038
274762650,1377575124
274762650,3853285079
274762650,1782971790
274762650,3001012313
274762650,2601873737
274762650,1812035078
274762650,2975595221
274762650,2401909069
274762650,4071766596
274762650,1667621270
274762650,319797682
319797682,4035197946
319797682,2680701689
319797682,2181383038
319797682,1377575124
319797682,3853285079
319797682,1782971790
319797682,3001012313
319797682,2601873737
319797682,1812035078
319797682,2975595221
319797682,2401909069
319797682,4071766596
319797682,1667621270
319797682,274762650
1619488033,4035197946
1619488033,2680701689
1619488033,2181383038
1619488033,1377575124
1619488033,3853285079
1619488033,1782971790
1619488033,3001012313
1619488033,2601873737
1619488033,1812035078
1619488033,2975595221
1619488033,2401909069
1619488033,4071766596
1619488033,1667621270
1619488033,274762650
1619488033,319797682
3993174518,4035197946
3993174518,2680701689
3993174518,2181383038
3993174518,1377575124
3993174518,3853285079
3993174518,1782971790
3993174518,3001012313
3993174518,2601873737
3993174518,1812035078
3993174518,2975595221
3993174518,2401909069
3993174518,4071766596
3993174518,1921368775
3993174518,1619488033
3993174518,285635295
3993174518,1667621270
3993174518,274762650
3993174518,319797682
3839205761,4035197946
3839205761,2680701689
3839205761,2181383038
3839205761,1377575124
3839205761,3853285079
3839205761,1782971790
3839205761,3001012313
3839205761,2601873737
3839205761,1812035078
3839205761,2975595221
3839205761,2401909069
3839205761,4071766596
3839205761,1667621270
3839205761,274762650
3839205761,319797682
765179392,4035197946
765179392,2680701689
765179392,2181383038
765179392,1377575124
765179392,3853285079
765179392,1782971790
765179392,3001012313
765179392,2601873737
765179392,1812035078
765179392,2975595221
765179392,2401909069
765179392,4071766596
765179392,505095975
765179392,1667621270
765179392,274762650
765179392,319797682
1719146408,4035197946
1719146408,2680701689
1719146408,2181383038
1719146408,1377575124
1719146408,3853285079
1719146408,1782971790
1719146408,3001012313
1719146408,2601873737
1719146408,1812035078
1719146408,2975595221
1719146408,2401909069
1719146408,4071766596
1719146408,3688830589
1719146408,765179392
1719146408,2914513227
1719146408,4134286414
1719146408,3513077295
1719146408,1667621270
1719146408,274762650
1719146408,319797682
3614548793,4035197946
3614548793,2680701689
3614548793,2181383038
3614548793,1377575124
3614548793,3853285079
3614548793,1782971790
3614548793,3001012313
3614548793,2601873737
3614548793,1812035078
3614548793,2975595221
3614548793,2401909069
3614548793,4071766596
3614548793,1667621270
3614548793,274762650
3614548793,319797682
3688830589,4035197946
3688830589,2680701689
3688830589,2181383038
3688830589,1377575124
3688830589,3853285079
3688830589,1782971790
3688830589,3001012313
3688830589,2601873737
3688830589,1812035078
3688830589,2975595221
3688830589,2401909069
3688830589,4071766596
3688830589,4272745933
3688830589,1667621270
3688830589,274762650
3688830589,319797682
3292058527,4035197946
3292058527,2680701689
3292058527,2181383038
3292058527,1377575124
3292058527,3853285079
3292058527,1782971790
3292058527,3001012313
3292058527,2601873737
3292058527,1812035078
3292058527,2975595221
3292058527,2401909069
3292058527,4071766596
3292058527,1667621270
3292058527,274762650
3292058527,319797682
2166690166,4035197946
2166690166,2680701689
2166690166,2181383038
2166690166,1377575124
2166690166,3853285079
2166690166,1782971790
2166690166,3001012313
2166690166,2601873737
2166690166,1812035078
2166690166,2975595221
2166690166,2401909069
2166690166,4071766596
2166690166,1667621270
2166690166,274762650
2166690166,319797682
1937972607,4035197946
1937972607,2680701689
1937972607,2181383038
1937972607,1377575124
1937972607,3853285079
1937972607,1782971790
1937972607,3001012313
1937972607,2601873737
1937972607,1812035078
1937972607,2975595221
1937972607,2401909069
1937972607,4071766596
1937972607,3688830589
1937972607,1667621270
1937972607,274762650
1937972607,319797682
822509512,4035197946
822509512,2680701689
822509512,2181383038
822509512,1377575124
822509512,3853285079
822509512,1782971790
822509512,3001012313
822509512,2601873737
822509512,1812035078
822509512,2975595221
822509512,2401909069
822509512,4071766596
822509512,1667621270
822509512,274762650
822509512,319797682
3926545967,4035197946
3926545967,2680701689
3926545967,2181383038
3926545967,1377575124
3926545967,3853285079
3926545967,1782971790
3926545967,3001012313
3926545967,2601873737
3926545967,1812035078
3926545967,2975595221
3926545967,2401909069
3926545967,4071766596
3926545967,3614548793
3926545967,1667621270
3926545967,274762650
3926545967,319797682
1554419222,4035197946
1554419222,2680701689
1554419222,2181383038
1554419222,1377575124
1554419222,3853285079
1554419222,1782971790
1554419222,3001012313
1554419222,2601873737
1554419222,1812035078
1554419222,2975595221
1554419222,2401909069
1554419222,4071766596
1554419222,3496464000
1554419222,2065148991
1554419222,1667621270
1554419222,274762650
1554419222,319797682
131671370,4035197946
131671370,2680701689
131671370,2181383038
131671370,1377575124
131671370,3853285079
131671370,1782971790
131671370,3001012313
131671370,2601873737
131671370,1812035078
131671370,2975595221
131671370,2401909069
131671370,4071766596
131671370,1667621270
131671370,274762650
131671370,319797682
1135828568,4035197946
1135828568,2680701689
1135828568,2181383038
1135828568,1377575124
1135828568,3853285079
1135828568,1782971790
1135828568,3001012313
1135828568,2601873737
1135828568,1812035078
1135828568,2975595221
1135828568,2401909069
1135828568,4071766596
1135828568,2317428019
1135828568,2166690166
1135828568,3688830589
1135828568,3513077295
1135828568,1667621270
1135828568,274762650
1135828568,319797682
3821811105,4035197946
3821811105,2680701689
3821811105,2181383038
3821811105,1377575124
3821811105,3853285079
3821811105,1782971790
3821811105,3001012313
3821811105,2601873737
3821811105,1812035078
3821811105,2975595221
3821811105,2401909069
3821811105,4071766596
3821811105,1667621270
3821811105,274762650
3821811105,319797682
2253665842,4035197946
2253665842,2680701689
2253665842,2181383038
2253665842,1377575124
2253665842,3853285079
2253665842,1782971790
2253665842,3001012313
2253665842,2601873737
2253665842,1812035078
2253665842,2975595221
2253665842,2401909069
2253665842,4071766596
2253665842,1667621270
2253665842,274762650
2253665842,319797682
1902056447,4035197946
1902056447,2680701689
1902056447,2181383038
1902056447,1377575124
1902056447,3853285079
1902056447,1782971790
1902056447,3001012313
1902056447,2601873737
1902056447,1812035078
1902056447,2975595221
1902056447,2401909069
1902056447,4071766596
1902056447,4134286414
1902056447,3839205761
1902056447,1667621270
1902056447,274762650
1902056447,319797682
4134286414,4035197946
4134286414,2680701689
4134286414,2181383038
4134286414,1377575124
4134286414,3853285079
4134286414,1782971790
4134286414,3001012313
4134286414,2601873737
4134286414,1812035078
4134286414,2975595221
4134286414,2401909069
4134286414,4071766596
4134286414,1667621270
4134286414,274762650
4134286414,319797682
4272745933,4035197946
4272745933,2680701689
4272745933,2181383038
4272745933,1377575124
4272745933,3853285079
4272745933,1782971790
4272745933,3001012313
4272745933,2601873737
4272745933,1812035078
4272745933,2975595221
4272745933,2401909069
4272745933,4071766596
4272745933,1667621270
4272745933,274762650
4272745933,319797682
2914513227,4035197946
2914513227,2680701689
2914513227,2181383038
2914513227,1377575124
2914513227,3853285079
2914513227,1782971790
2914513227,3001012313
2914513227,2601873737
2914513227,1812035078
2914513227,2975595221
2914513227,2401909069
2914513227,4071766596
2914513227,3614548793
2914513227,1667621270
2914513227,274762650
2914513227,319797682
505095975,4035197946
505095975,2680701689
505095975,2181383038
505095975,1377575124
505095975,3853285079
505095975,1782971790
505095975,3001012313
505095975,2601873737
505095975,1812035078
505095975,2975595221
505095975,2401909069
505095975,4071766596
505095975,1667621270
505095975,274762650
505095975,319797682
3132768119,4035197946
3132768119,2680701689
3132768119,2181383038
3132768119,1377575124
3132768119,3853285079
3132768119,1782971790
3132768119,3001012313
3132768119,2601873737
3132768119,1812035078
3132768119,2975595221
3132768119,2401909069
3132768119,4071766596
3132768119,1282732222
3132768119,1667621270
3132768119,274762650
3132768119,319797682
1282732222,4035197946
1282732222,2680701689
1282732222,2181383038
1282732222,1377575124
1282732222,3853285079
1282732222,1782971790
1282732222,3001012313
1282732222,2601873737
1282732222,1812035078
1282732222,2975595221
1282732222,2401909069
1282732222,4071766596
1282732222,716544227
1282732222,1667621270
1282732222,274762650
1282732222,319797682
1087872608,4035197946
1087872608,2680701689
1087872608,2181383038
1087872608,1377575124
1087872608,3853285079
1087872608,1782971790
1087872608,3001012313
1087872608,2601873737
1087872608,1812035078
1087872608,2975595221
1087872608,2401909069
1087872608,4071766596
1087872608,1282732222
1087872608,4192629012
1087872608,1365061371
1087872608,1667621270
1087872608,274762650
1087872608,319797682
4192629012,4035197946
4192629012,2680701689
4192629012,2181383038
4192629012,1377575124
4192629012,3853285079
4192629012,1782971790
4192629012,3001012313
4192629012,2601873737
4192629012,1812035078
4192629012,2975595221
4192629012,2401909069
4192629012,4071766596
4192629012,3081540919
4192629012,1667621270
4192629012,274762650
4192629012,319797682
1365061371,4035197946
1365061371,2680701689
1365061371,2181383038
1365061371,1377575124
1365061371,3853285079
1365061371,1782971790
1365061371,3001012313
1365061371,2601873737
1365061371,1812035078
1365061371,2975595221
1365061371,2401909069
1365061371,4071766596
1365061371,412897209
1365061371,1667621270
1365061371,274762650
1365061371,319797682
2317428019,4035197946
2317428019,2680701689
2317428019,2181383038
2317428019,1377575124
2317428019,3853285079
2317428019,1782971790
2317428019,3001012313
2317428019,2601873737
2317428019,1812035078
2317428019,2975595221
2317428019,2401909069
2317428019,4071766596
2317428019,1667621270
2317428019,274762650
2317428019,319797682
3262428164,4035197946
3262428164,2680701689
3262428164,2181383038
3262428164,1377575124
3262428164,3853285079
3262428164,1782971790
3262428164,3001012313
3262428164,2601873737
3262428164,1812035078
3262428164,2975595221
3262428164,2401909069
3262428164,4071766596
3262428164,1667621270
3262428164,274762650
3262428164,319797682
3010856491,4035197946
3010856491,2680701689
3010856491,2181383038
3010856491,1377575124
3010856491,3853285079
3010856491,1782971790
3010856491,3001012313
3010856491,2601873737
3010856491,1812035078
3010856491,2975595221
3010856491,2401909069
3010856491,4071766596
3010856491,1667621270
3010856491,274762650
3010856491,319797682
1081448426,4035197946
1081448426,2680701689
1081448426,2181383038
1081448426,1377575124
1081448426,3853285079
1081448426,1782971790
1081448426,3001012313
1081448426,2601873737
1081448426,1812035078
1081448426,2975595221
1081448426,2401909069
1081448426,4071766596
1081448426,1667621270
1081448426,274762650
1081448426,319797682
1697669078,4035197946
1697669078,2680701689
1697669078,2181383038
1697669078,1377575124
1697669078,3853285079
1697669078,1782971790
1697669078,3001012313
1697669078,2601873737
1697669078,1812035078
1697669078,2975595221
1697669078,2401909069
1697669078,4071766596
1697669078,1667621270
1697669078,274762650
1697669078,319797682
2094169027,4035197946
2094169027,2680701689
2094169027,2181383038
2094169027,1377575124
2094169027,3853285079
2094169027,1782971790
2094169027,3001012313
2094169027,2601873737
2094169027,1812035078
2094169027,2975595221
2094169027,2401909069
2094169027,4071766596
2094169027,1667621270
2094169027,274762650
2094169027,319797682
2754701771,4035197946
2754701771,2680701689
2754701771,2181383038
2754701771,1377575124
2754701771,3853285079
2754701771,1782971790
2754701771,3001012313
2754701771,2601873737
2754701771,1812035078
2754701771,2975595221
2754701771,2401909069
2754701771,4071766596
2754701771,1667621270
2754701771,274762650
2754701771,319797682
347236586,4035197946
347236586,2680701689
347236586,2181383038
347236586,1377575124
347236586,3853285079
347236586,1782971790
347236586,3001012313
347236586,2601873737
347236586,1812035078
347236586,2975595221
347236586,2401909069
347236586,4071766596
347236586,1667621270
347236586,274762650
347236586,319797682
2150169133,4035197946
2150169133,2680701689
2150169133,2181383038
2150169133,1377575124
2150169133,3853285079
2150169133,1782971790
2150169133,3001012313
2150169133,2601873737
2150169133,1812035078
2150169133,2975595221
2150169133,2401909069
2150169133,4071766596
2150169133,1667621270
2150169133,274762650
2150169133,319797682
1363516830,4035197946
1363516830,2680701689
1363516830,2181383038
1363516830,1377575124
1363516830,3853285079
1363516830,1782971790
1363516830,3001012313
1363516830,2601873737
1363516830,1812035078
1363516830,2975595221
1363516830,2401909069
1363516830,4071766596
1363516830,2754701771
1363516830,1667621270
1363516830,274762650
1363516830,319797682
2723566612,4035197946
2723566612,2680701689
2723566612,2181383038
2723566612,1377575124
2723566612,3853285079
2723566612,1782971790
2723566612,3001012313
2723566612,2601873737
2723566612,1812035078
2723566612,2975595221
2723566612,2401909069
2723566612,4071766596
2723566612,1667621270
2723566612,274762650
2723566612,319797682
837477340,4035197946
837477340,2680701689
837477340,2181383038
837477340,1377575124
837477340,3853285079
837477340,1782971790
837477340,3001012313
837477340,2601873737
837477340,1812035078
837477340,2975595221
837477340,2401909069
837477340,4071766596
837477340,1667621270
837477340,274762650
837477340,319797682
4068440405,4035197946
4068440405,2680701689
4068440405,2181383038
4068440405,1377575124
4068440405,3853285079
4068440405,1782971790
4068440405,3001012313
4068440405,2601873737
4068440405,1812035078
4068440405,2975595221
4068440405,2401909069
4068440405,4071766596
4068440405,1667621270
4068440405,274762650
4068440405,319797682
1500132324,4035197946
1500132324,2680701689
1500132324,2181383038
1500132324,1377575124
1500132324,3853285079
1500132324,1782971790
1500132324,3001012313
1500132324,2601873737
1500132324,1812035078
1500132324,2975595221
1500132324,2401909069
1500132324,4071766596
1500132324,3913911241
1500132324,1667621270
1500132324,274762650
1500132324,319797682
3913911241,4035197946
3913911241,2680701689
3913911241,2181383038
3913911241,1377575124
3913911241,3853285079
3913911241,1782971790
3913911241,3001012313
3913911241,2601873737
3913911241,1812035078
3913911241,2975595221
3913911241,2401909069
3913911241,4071766596
3913911241,285635295
3913911241,562870687
3913911241,1667621270
3913911241,274762650
3913911241,319797682
3496464000,4035197946
3496464000,2680701689
3496464000,2181383038
3496464000,1377575124
3496464000,3853285079
3496464000,1782971790
3496464000,3001012313
3496464000,2601873737
3496464000,1812035078
3496464000,2975595221
3496464000,2401909069
3496464000,4071766596
3496464000,2432921138
3496464000,1619488033
3496464000,3688830589
3496464000,1500132324
3496464000,1667621270
3496464000,274762650
3496464000,319797682
2432921138,4035197946
2432921138,2680701689
2432921138,2181383038
2432921138,1377575124
2432921138,3853285079
2432921138,1782971790
2432921138,3001012313
2432921138,2601873737
2432921138,1812035078
2432921138,2975595221
2432921138,2401909069
2432921138,4071766596
2432921138,1070880969
2432921138,1667621270
2432921138,274762650
2432921138,319797682
1558839965,4035197946
1558839965,2680701689
1558839965,2181383038
1558839965,1377575124
1558839965,3853285079
1558839965,1782971790
1558839965,3001012313
1558839965,2601873737
1558839965,1812035078
1558839965,2975595221
1558839965,2401909069
1558839965,4071766596
1558839965,1665642182
1558839965,4134286414
1558839965,3839205761
1558839965,1667621270
1558839965,274762650
1558839965,319797682
2232577845,4035197946
2232577845,2680701689
2232577845,2181383038
2232577845,1377575124
2232577845,3853285079
2232577845,1782971790
2232577845,3001012313
2232577845,2601873737
2232577845,1812035078
2232577845,2975595221
2232577845,2401909069
2232577845,4071766596
2232577845,1667621270
2232577845,274762650
2232577845,319797682
96204164,4035197946
96204164,2680701689
96204164,2181383038
96204164,1377575124
96204164,3853285079
96204164,1782971790
96204164,3001012313
96204164,2601873737
96204164,1812035078
96204164,2975595221
96204164,2401909069
96204164,4071766596
96204164,1667621270
96204164,274762650
96204164,319797682
1070880969,4035197946
1070880969,2680701689
1070880969,2181383038
1070880969,1377575124
1070880969,3853285079
1070880969,1782971790
1070880969,3001012313
1070880969,2601873737
1070880969,1812035078
1070880969,2975595221
1070880969,2401909069
1070880969,4071766596
1070880969,1500132324
1070880969,1667621270
1070880969,274762650
1070880969,319797682
290955489,4035197946
290955489,2680701689
290955489,2181383038
290955489,1377575124
290955489,3853285079
290955489,1782971790
290955489,3001012313
290955489,2601873737
290955489,1812035078
290955489,2975595221
290955489,2401909069
290955489,4071766596
290955489,1667621270
290955489,274762650
290955489,319797682
3850888504,4035197946
3850888504,2680701689
3850888504,2181383038
3850888504,1377575124
3850888504,3853285079
3850888504,1782971790
3850888504,3001012313
3850888504,2601873737
3850888504,1812035078
3850888504,2975595221
3850888504,2401909069
3850888504,4071766596
3850888504,2166690166
3850888504,4134286414
3850888504,3688830589
3850888504,1667621270
3850888504,274762650
3850888504,319797682
285635295,4035197946
285635295,2680701689
285635295,2181383038
285635295,1377575124
285635295,3853285079
285635295,1782971790
285635295,3001012313
285635295,2601873737
285635295,1812035078
285635295,2975595221
285635295,2401909069
285635295,4071766596
285635295,1667621270
285635295,274762650
285635295,319797682
1063158482,4035197946
1063158482,2680701689
1063158482,2181383038
1063158482,1377575124
1063158482,3853285079
1063158482,1782971790
1063158482,3001012313
1063158482,2601873737
1063158482,1812035078
1063158482,2975595221
1063158482,2401909069
1063158482,4071766596
1063158482,1667621270
1063158482,274762650
1063158482,319797682
2459414471,4035197946
2459414471,2680701689
2459414471,2181383038
2459414471,1377575124
2459414471,3853285079
2459414471,1782971790
2459414471,3001012313
2459414471,2601873737
2459414471,1812035078
2459414471,2975595221
2459414471,2401909069
2459414471,4071766596
2459414471,1063158482
2459414471,1667621270
2459414471,274762650
2459414471,319797682
562870687,4035197946
562870687,2680701689
562870687,2181383038
562870687,1377575124
562870687,3853285079
562870687,1782971790
562870687,3001012313
562870687,2601873737
562870687,1812035078
562870687,2975595221
562870687,2401909069
562870687,4071766596
562870687,3850888504
562870687,1667621270
562870687,274762650
562870687,319797682
4001532235,4035197946
4001532235,2680701689
4001532235,2181383038
4001532235,1377575124
4001532235,3853285079
4001532235,1782971790
4001532235,3001012313
4001532235,2601873737
4001532235,1812035078
4001532235,2975595221
4001532235,2401909069
4001532235,4071766596
4001532235,1667621270
4001532235,274762650
4001532235,319797682
3979297942,4035197946
3979297942,2680701689
3979297942,2181383038
3979297942,1377575124
3979297942,3853285079
3979297942,1782971790
3979297942,3001012313
3979297942,2601873737
3979297942,1812035078
3979297942,2975595221
3979297942,2401909069
3979297942,4071766596
3979297942,1135828568
3979297942,1667621270
3979297942,274762650
3979297942,319797682
3081540919,4035197946
3081540919,2680701689
3081540919,2181383038
3081540919,1377575124
3081540919,3853285079
3081540919,1782971790
3081540919,3001012313
3081540919,2601873737
3081540919,1812035078
3081540919,2975595221
3081540919,2401909069
3081540919,4071766596
3081540919,2914513227
3081540919,1135828568
3081540919,2432921138
3081540919,1667621270
3081540919,274762650
3081540919,319797682
1921368775,4035197946
1921368775,2680701689
1921368775,2181383038
1921368775,1377575124
1921368775,3853285079
1921368775,1782971790
1921368775,3001012313
1921368775,2601873737
1921368775,1812035078
1921368775,2975595221
1921368775,2401909069
1921368775,4071766596
1921368775,1667621270
1921368775,274762650
1921368775,319797682
2059894237,4035197946
2059894237,2680701689
2059894237,2181383038
2059894237,1377575124
2059894237,3853285079
2059894237,1782971790
2059894237,3001012313
2059894237,2601873737
2059894237,1812035078
2059894237,2975595221
2059894237,2401909069
2059894237,4071766596
2059894237,1921368775
2059894237,3176203411
2059894237,1667621270
2059894237,274762650
2059894237,319797682
3176203411,4035197946
3176203411,2680701689
3176203411,2181383038
3176203411,1377575124
3176203411,3853285079
3176203411,1782971790
3176203411,3001012313
3176203411,2601873737
3176203411,1812035078
3176203411,2975595221
3176203411,2401909069
3176203411,4071766596
3176203411,3688830589
3176203411,1667621270
3176203411,274762650
3176203411,319797682
271311924,4035197946
271311924,2680701689
271311924,2181383038
271311924,1377575124
271311924,3853285079
271311924,1782971790
271311924,3001012313
271311924,2601873737
271311924,1812035078
271311924,2975595221
271311924,2401909069
271311924,4071766596
271311924,1135828568
271311924,2432921138
271311924,1667621270
271311924,274762650
271311924,319797682
3031618781,4035197946
3031618781,2680701689
3031618781,2181383038
3031618781,1377575124
3031618781,3853285079
3031618781,1782971790
3031618781,3001012313
3031618781,2601873737
3031618781,1812035078
3031618781,2975595221
3031618781,2401909069
3031618781,4071766596
3031618781,1667621270
3031618781,274762650
3031618781,319797682
1681579188,4035197946
1681579188,2680701689
1681579188,2181383038
1681579188,1377575124
1681579188,3853285079
1681579188,1782971790
1681579188,3001012313
1681579188,2601873737
1681579188,1812035078
1681579188,2975595221
1681579188,2401909069
1681579188,4071766596
1681579188,3292058527
1681579188,1667621270
1681579188,274762650
1681579188,319797682
783396886,4035197946
783396886,2680701689
783396886,2181383038
783396886,1377575124
783396886,3853285079
783396886,1782971790
783396886,3001012313
783396886,2601873737
783396886,1812035078
783396886,2975595221
783396886,2401909069
783396886,4071766596
783396886,2432921138
783396886,3081540919
783396886,1667621270
783396886,274762650
783396886,319797682
804630613,4035197946
804630613,2680701689
804630613,2181383038
804630613,1377575124
804630613,3853285079
804630613,1782971790
804630613,3001012313
804630613,2601873737
804630613,1812035078
804630613,2975595221
804630613,2401909069
804630613,4071766596
804630613,1667621270
804630613,274762650
804630613,319797682
3227678695,4035197946
3227678695,2680701689
3227678695,2181383038
3227678695,1377575124
3227678695,3853285079
3227678695,1782971790
3227678695,3001012313
3227678695,2601873737
3227678695,1812035078
3227678695,2975595221
3227678695,2401909069
3227678695,4071766596
3227678695,1667621270
3227678695,274762650
3227678695,319797682
2555716353,4035197946
2555716353,2680701689
2555716353,2181383038
2555716353,1377575124
2555716353,3853285079
2555716353,1782971790
2555716353,3001012313
2555716353,2601873737
2555716353,1812035078
2555716353,2975595221
2555716353,2401909069
2555716353,4071766596
2555716353,4192629012
2555716353,3081540919
2555716353,2059894237
2555716353,1667621270
2555716353,274762650
2555716353,319797682
169985986,4035197946
169985986,2680701689
169985986,2181383038
169985986,1377575124
169985986,3853285079
169985986,1782971790
169985986,3001012313
169985986,2601873737
169985986,1812035078
169985986,2975595221
169985986,2401909069
169985986,4071766596
169985986,2432921138
169985986,1070880969
169985986,3292058527
169985986,1667621270
169985986,274762650
169985986,319797682
1945243454,4035197946
1945243454,2680701689
1945243454,2181383038
1945243454,1377575124
1945243454,3853285079
1945243454,1782971790
1945243454,3001012313
1945243454,2601873737
1945243454,1812035078
1945243454,2975595221
1945243454,2401909069
1945243454,4071766596
1945243454,2166690166
1945243454,562870687
1945243454,3176203411
1945243454,3688830589
1945243454,3979297942
1945243454,1697669078
1945243454,1667621270
1945243454,274762650
1945243454,319797682
708898603,4035197946
708898603,2680701689
708898603,2181383038
708898603,1377575124
708898603,3853285079
708898603,1782971790
708898603,3001012313
708898603,2601873737
708898603,1812035078
708898603,2975595221
708898603,2401909069
708898603,4071766596
708898603,4001532235
708898603,3978948457
708898603,607481744
708898603,1667621270
708898603,274762650
708898603,319797682
3978948457,4035197946
3978948457,2680701689
3978948457,2181383038
3978948457,1377575124
3978948457,3853285079
3978948457,1782971790
3978948457,3001012313
3978948457,2601873737
3978948457,1812035078
3978948457,2975595221
3978948457,2401909069
3978948457,4071766596
3978948457,1667621270
3978948457,274762650
3978948457,319797682
607481744,4035197946
607481744,2680701689
607481744,2181383038
607481744,1377575124
607481744,3853285079
607481744,1782971790
607481744,3001012313
607481744,2601873737
607481744,1812035078
607481744,2975595221
607481744,2401909069
607481744,4071766596
607481744,1667621270
607481744,274762650
607481744,319797682
3272282644,4035197946
3272282644,2680701689
3272282644,2181383038
3272282644,1377575124
3272282644,3853285079
3272282644,1782971790
3272282644,3001012313
3272282644,2601873737
3272282644,1812035078
3272282644,2975595221
3272282644,2401909069
3272282644,4071766596
3272282644,3176203411
3272282644,2432921138
3272282644,1135828568
3272282644,1667621270
3272282644,274762650
3272282644,319797682
3648575576,4035197946
3648575576,2680701689
3648575576,2181383038
3648575576,1377575124
3648575576,3853285079
3648575576,1782971790
3648575576,3001012313
3648575576,2601873737
3648575576,1812035078
3648575576,2975595221
3648575576,2401909069
3648575576,4071766596
3648575576,1667621270
3648575576,274762650
3648575576,319797682
2196188590,4035197946
2196188590,2680701689
2196188590,2181383038
2196188590,1377575124
2196188590,3853285079
2196188590,1782971790
2196188590,3001012313
2196188590,2601873737
2196188590,1812035078
2196188590,2975595221
2196188590,2401909069
2196188590,4071766596
2196188590,3979297942
2196188590,2555716353
2196188590,1667621270
2196188590,274762650
2196188590,319797682
3421027675,4035197946
3421027675,2680701689
3421027675,2181383038
3421027675,1377575124
3421027675,3853285079
3421027675,1782971790
3421027675,3001012313
3421027675,2601873737
3421027675,1812035078
3421027675,2975595221
3421027675,2401909069
3421027675,4071766596
3421027675,1667621270
3421027675,274762650
3421027675,319797682
2497495606,4035197946
2497495606,2680701689
2497495606,2181383038
2497495606,1377575124
2497495606,3853285079
2497495606,1782971790
2497495606,3001012313
2497495606,2601873737
2497495606,1812035078
2497495606,2975595221
2497495606,2401909069
2497495606,4071766596
2497495606,3614548793
2497495606,1667621270
2497495606,274762650
2497495606,319797682
3294246104,4035197946
3294246104,2680701689
3294246104,2181383038
3294246104,1377575124
3294246104,3853285079
3294246104,1782971790
3294246104,3001012313
3294246104,2601873737
3294246104,1812035078
3294246104,2975595221
3294246104,2401909069
3294246104,4071766596
3294246104,1667621270
3294246104,274762650
3294246104,319797682
1937778402,4035197946
1937778402,2680701689
1937778402,2181383038
1937778402,1377575124
1937778402,3853285079
1937778402,1782971790
1937778402,3001012313
1937778402,2601873737
1937778402,1812035078
1937778402,2975595221
1937778402,2401909069
1937778402,4071766596
1937778402,1926667430
1937778402,798477881
1937778402,1667621270
1937778402,274762650
1937778402,319797682
1926667430,4035197946
1926667430,2680701689
1926667430,2181383038
1926667430,1377575124
1926667430,3853285079
1926667430,1782971790
1926667430,3001012313
1926667430,2601873737
1926667430,1812035078
1926667430,2975595221
1926667430,2401909069
1926667430,4071766596
1926667430,1937778402
1926667430,4001532235
1926667430,2553728301
1926667430,562870687
1926667430,1667621270
1926667430,274762650
1926667430,319797682
798477881,4035197946
798477881,2680701689
798477881,2181383038
798477881,1377575124
798477881,3853285079
798477881,1782971790
798477881,3001012313
798477881,2601873737
798477881,1812035078
798477881,2975595221
798477881,2401909069
798477881,4071766596
798477881,1937778402
798477881,1667621270
798477881,274762650
798477881,319797682
2553728301,4035197946
2553728301,2680701689
2553728301,2181383038
2553728301,1377575124
2553728301,3853285079
2553728301,1782971790
2553728301,3001012313
2553728301,2601873737
2553728301,1812035078
2553728301,2975595221
2553728301,2401909069
2553728301,4071766596
2553728301,3176203411
2553728301,1681579188
2553728301,3227678695
2553728301,3272282644
2553728301,1667621270
2553728301,274762650
2553728301,319797682
959567558,4035197946
959567558,2680701689
959567558,2181383038
959567558,1377575124
959567558,3853285079
959567558,1782971790
959567558,3001012313
959567558,2601873737
959567558,1812035078
959567558,2975595221
959567558,2401909069
959567558,4071766596
959567558,3081540919
959567558,2553728301
959567558,4192629012
959567558,1667621270
959567558,274762650
959567558,319797682
716544227,4035197946
716544227,2680701689
716544227,2181383038
716544227,1377575124
716544227,3853285079
716544227,1782971790
716544227,3001012313
716544227,2601873737
716544227,1812035078
716544227,2975595221
716544227,2401909069
716544227,4071766596
716544227,2723566612
716544227,4192629012
716544227,562870687
716544227,3227678695
716544227,3979297942
716544227,2432921138
716544227,271311924
716544227,1667621270
716544227,274762650
716544227,319797682
3847843176,4035197946
3847843176,2680701689
3847843176,2181383038
3847843176,1377575124
3847843176,3853285079
3847843176,1782971790
3847843176,3001012313
3847843176,2601873737
3847843176,1812035078
3847843176,2975595221
3847843176,2401909069
3847843176,4071766596
3847843176,4192629012
3847843176,3614548793
3847843176,1667621270
3847843176,274762650
3847843176,319797682
550331811,4035197946
550331811,2680701689
550331811,2181383038
550331811,1377575124
550331811,3853285079
550331811,1782971790
550331811,3001012313
550331811,2601873737
550331811,1812035078
550331811,2975595221
550331811,2401909069
550331811,4071766596
550331811,2432921138
550331811,1667621270
550331811,274762650
550331811,319797682
82556448,4035197946
82556448,2680701689
82556448,2181383038
82556448,1377575124
82556448,3853285079
82556448,1782971790
82556448,3001012313
82556448,2601873737
82556448,1812035078
82556448,2975595221
82556448,2401909069
82556448,4071766596
82556448,1063158482
82556448,2166690166
82556448,3913911241
82556448,1081448426
82556448,1945243454
82556448,1667621270
82556448,274762650
82556448,319797682
3014130877,4035197946
3014130877,2680701689
3014130877,2181383038
3014130877,1377575124
3014130877,3853285079
3014130877,1782971790
3014130877,3001012313
3014130877,2601873737
3014130877,1812035078
3014130877,2975595221
3014130877,2401909069
3014130877,4071766596
3014130877,3227678695
3014130877,3292058527
3014130877,562870687
3014130877,2166690166
3014130877,1937778402
3014130877,1667621270
3014130877,274762650
3014130877,319797682
967778012,4035197946
967778012,2680701689
967778012,2181383038
967778012,1377575124
967778012,3853285079
967778012,1782971790
967778012,3001012313
967778012,2601873737
967778012,1812035078
967778012,2975595221
967778012,2401909069
967778012,4071766596
967778012,2059894237
967778012,959567558
967778012,1667621270
967778012,274762650
967778012,319797682
3136933549,4035197946
3136933549,2680701689
3136933549,2181383038
3136933549,1377575124
3136933549,3853285079
3136933549,1782971790
3136933549,3001012313
3136933549,2601873737
3136933549,1812035078
3136933549,2975595221
3136933549,2401909069
3136933549,4071766596
3136933549,4192629012
3136933549,2059894237
3136933549,1667621270
3136933549,274762650
3136933549,319797682
524266523,4035197946
524266523,2680701689
524266523,2181383038
524266523,1377575124
524266523,3853285079
524266523,1782971790
524266523,3001012313
524266523,2601873737
524266523,1812035078
524266523,2975595221
524266523,2401909069
524266523,4071766596
524266523,1667621270
524266523,274762650
524266523,319797682
412897209,4035197946
412897209,2680701689
412897209,2181383038
412897209,1377575124
412897209,3853285079
412897209,1782971790
412897209,3001012313
412897209,2601873737
412897209,1812035078
412897209,2975595221
412897209,2401909069
412897209,4071766596
412897209,1667621270
412897209,274762650
412897209,319797682
1276475483,4035197946
1276475483,2680701689
1276475483,2181383038
1276475483,1377575124
1276475483,3853285079
1276475483,1782971790
1276475483,3001012313
1276475483,2601873737
1276475483,1812035078
1276475483,2975595221
1276475483,2401909069
1276475483,4071766596
1276475483,1667621270
1276475483,274762650
1276475483,319797682
39188279,4035197946
39188279,2680701689
39188279,2181383038
39188279,1377575124
39188279,3853285079
39188279,1782971790
39188279,3001012313
39188279,2601873737
39188279,1812035078
39188279,2975595221
39188279,2401909069
39188279,4071766596
39188279,2497495606
39188279,716544227
39188279,1667621270
39188279,274762650
39188279,319797682
581639360,4035197946
581639360,2680701689
581639360,2181383038
581639360,1377575124
581639360,3853285079
581639360,1782971790
581639360,3001012313
581639360,2601873737
581639360,1812035078
581639360,2975595221
581639360,2401909069
581639360,4071766596
581639360,2553728301
581639360,1667621270
581639360,274762650
581639360,319797682
3282443104,4035197946
3282443104,2680701689
3282443104,2181383038
3282443104,1377575124
3282443104,3853285079
3282443104,1782971790
3282443104,3001012313
3282443104,2601873737
3282443104,1812035078
3282443104,2975595221
3282443104,2401909069
3282443104,4071766596
3282443104,2553728301
3282443104,1667621270
3282443104,274762650
3282443104,319797682
2894657301,4035197946
2894657301,2680701689
2894657301,2181383038
2894657301,1377575124
2894657301,3853285079
2894657301,1782971790
2894657301,3001012313
2894657301,2601873737
2894657301,1812035078
2894657301,2975595221
2894657301,2401909069
2894657301,4071766596
2894657301,959567558
2894657301,1667621270
2894657301,274762650
2894657301,319797682
2658293213,4035197946
2658293213,2680701689
2658293213,2181383038
2658293213,1377575124
2658293213,3853285079
2658293213,1782971790
2658293213,3001012313
2658293213,2601873737
2658293213,1812035078
2658293213,2975595221
2658293213,2401909069
2658293213,4071766596
2658293213,3227678695
2658293213,1667621270
2658293213,274762650
2658293213,319797682
4029244356,4035197946
4029244356,2680701689
4029244356,2181383038
4029244356,1377575124
4029244356,3853285079
4029244356,1782971790
4029244356,3001012313
4029244356,2601873737
4029244356,1812035078
4029244356,2975595221
4029244356,2401909069
4029244356,4071766596
4029244356,2553728301
4029244356,1667621270
4029244356,274762650
4029244356,319797682
2979100984,4035197946
2979100984,2680701689
2979100984,2181383038
2979100984,1377575124
2979100984,3853285079
2979100984,1782971790
2979100984,3001012313
2979100984,2601873737
2979100984,1812035078
2979100984,2975595221
2979100984,2401909069
2979100984,4071766596
2979100984,1667621270
2979100984,274762650
2979100984,319797682
3232810038,4035197946
3232810038,2680701689
3232810038,2181383038
3232810038,1377575124
3232810038,3853285079
3232810038,1782971790
3232810038,3001012313
3232810038,2601873737
3232810038,1812035078
3232810038,2975595221
3232810038,2401909069
3232810038,4071766596
3232810038,1365061371
3232810038,1282732222
3232810038,798477881
3232810038,1667621270
3232810038,274762650
3232810038,319797682
973153657,4035197946
973153657,2680701689
973153657,2181383038
973153657,1377575124
973153657,3853285079
973153657,1782971790
973153657,3001012313
973153657,2601873737
973153657,1812035078
973153657,2975595221
973153657,2401909069
973153657,4071766596
973153657,1667621270
973153657,274762650
973153657,319797682
1214254885,4035197946
1214254885,2680701689
1214254885,2181383038
1214254885,1377575124
1214254885,3853285079
1214254885,1782971790
1214254885,3001012313
1214254885,2601873737
1214254885,1812035078
1214254885,2975595221
1214254885,2401909069
1214254885,4071766596
1214254885,169985986
1214254885,1667621270
1214254885,274762650
1214254885,319797682
863200122,4035197946
863200122,2680701689
863200122,2181383038
863200122,1377575124
863200122,3853285079
863200122,1782971790
863200122,3001012313
863200122,2601873737
863200122,1812035078
863200122,2975595221
863200122,2401909069
863200122,4071766596
863200122,1667621270
863200122,274762650
863200122,319797682
2065148991,4035197946
2065148991,2680701689
2065148991,2181383038
2065148991,1377575124
2065148991,3853285079
2065148991,1782971790
2065148991,3001012313
2065148991,2601873737
2065148991,1812035078
2065148991,2975595221
2065148991,2401909069
2065148991,4071766596
2065148991,2432921138
2065148991,716544227
2065148991,973153657
2065148991,3176203411
2065148991,3978948457
2065148991,3000647749
2065148991,1667621270
2065148991,274762650
2065148991,319797682
3000647749,4035197946
3000647749,2680701689
3000647749,2181383038
3000647749,1377575124
3000647749,3853285079
3000647749,1782971790
3000647749,3001012313
3000647749,2601873737
3000647749,1812035078
3000647749,2975595221
3000647749,2401909069
3000647749,4071766596
3000647749,973153657
3000647749,2059894237
3000647749,271311924
3000647749,2432921138
3000647749,169985986
3000647749,1135828568
3000647749,3294246104
3000647749,3913911241
3000647749,611912809
3000647749,1070880969
3000647749,3292058527
3000647749,1558839965
3000647749,959567558
3000647749,716544227
3000647749,2196188590
3000647749,2317428019
3000647749,3979297942
3000647749,3081540919
3000647749,285635295
3000647749,347236586
3000647749,3176203411
3000647749,2555716353
3000647749,1667621270
3000647749,274762650
3000647749,319797682
1252230089,4035197946
1252230089,2680701689
1252230089,2181383038
1252230089,1377575124
1252230089,3853285079
1252230089,1782971790
1252230089,3001012313
1252230089,2601873737
1252230089,1812035078
1252230089,2975595221
1252230089,2401909069
1252230089,4071766596
1252230089,1365061371
1252230089,1667621270
1252230089,274762650
1252230089,319797682
3014146540,4035197946
3014146540,2680701689
3014146540,2181383038
3014146540,1377575124
3014146540,3853285079
3014146540,1782971790
3014146540,3001012313
3014146540,2601873737
3014146540,1812035078
3014146540,2975595221
3014146540,2401909069
3014146540,4071766596
3014146540,2979100984
3014146540,2553728301
3014146540,1667621270
3014146540,274762650
3014146540,319797682
611912809,4035197946
611912809,2680701689
611912809,2181383038
611912809,1377575124
611912809,3853285079
611912809,1782971790
611912809,3001012313
611912809,2601873737
611912809,1812035078
611912809,2975595221
611912809,2401909069
611912809,4071766596
611912809,959567558
611912809,2059894237
611912809,1667621270
611912809,274762650
611912809,319797682
2492286775,4035197946
2492286775,2680701689
2492286775,2181383038
2492286775,1377575124
2492286775,3853285079
2492286775,1782971790
2492286775,3001012313
2492286775,2601873737
2492286775,1812035078
2492286775,2975595221
2492286775,2401909069
2492286775,4071766596
2492286775,1937778402
2492286775,1667621270
2492286775,274762650
2492286775,319797682
152682107,4035197946
152682107,2680701689
152682107,2181383038
152682107,1377575124
152682107,3853285079
152682107,1782971790
152682107,3001012313
152682107,2601873737
152682107,1812035078
152682107,2975595221
152682107,2401909069
152682107,4071766596
152682107,2432921138
152682107,1667621270
152682107,274762650
152682107,319797682
3515250179,4035197946
3515250179,2680701689
3515250179,2181383038
3515250179,1377575124
3515250179,3853285079
3515250179,1782971790
3515250179,3001012313
3515250179,2601873737
3515250179,1812035078
3515250179,2975595221
3515250179,2401909069
3515250179,4071766596
3515250179,3979297942
3515250179,959567558
3515250179,1135828568
3515250179,1681579188
3515250179,3292058527
3515250179,2432921138
3515250179,1667621270
3515250179,274762650
3515250179,319797682
392005444,4035197946
392005444,2680701689
392005444,2181383038
392005444,1377575124
392005444,3853285079
392005444,1782971790
392005444,3001012313
392005444,2601873737
392005444,1812035078
392005444,2975595221
392005444,2401909069
392005444,4071766596
392005444,4001532235
392005444,2979100984
392005444,1667621270
392005444,274762650
392005444,319797682
1440306623,4035197946
1440306623,2680701689
1440306623,2181383038
1440306623,1377575124
1440306623,3853285079
1440306623,1782971790
1440306623,3001012313
1440306623,2601873737
1440306623,1812035078
1440306623,2975595221
1440306623,2401909069
1440306623,4071766596
1440306623,3000647749
1440306623,2432921138
1440306623,1063158482
1440306623,959567558
1440306623,2553728301
1440306623,4192629012
1440306623,3176203411
1440306623,2059894237
1440306623,1667621270
1440306623,274762650
1440306623,319797682
4144816274,4035197946
4144816274,2680701689
4144816274,2181383038
4144816274,1377575124
4144816274,3853285079
4144816274,1782971790
4144816274,3001012313
4144816274,2601873737
4144816274,1812035078
4144816274,2975595221
4144816274,2401909069
4144816274,4071766596
4144816274,1667621270
4144816274,274762650
4144816274,319797682
